{
  "train_loss": [
    1.4037951387383125,
    1.3470277430100754,
    1.3299666459743793,
    1.3068483607782113,
    1.2800161605189135,
    1.2580055677137532,
    1.2302074434010537,
    1.2182487362361216,
    1.1951775672016562,
    1.1681465908557505,
    1.1586765129487593,
    1.1476942778124914,
    1.130468345277912,
    1.1150210429351408,
    1.1150072571504248,
    1.1015462344000628,
    1.0935802298424009,
    1.078379557273545,
    1.059939789903033,
    1.0554878594619888,
    1.056978577031539,
    1.0544684689778547,
    1.0355086739246662,
    1.02152298947612,
    1.025024421267457,
    1.015295969915914,
    1.0062263181412614,
    0.9839109097208295,
    0.9788412514787453,
    0.9782841282558965,
    0.9685401342563577,
    0.9607926187934456,
    0.9521026879057779,
    0.9328354582354262,
    0.9209287829779007,
    0.9201201839925168,
    0.9150135937136609,
    0.8951884883527572,
    0.8615774872538807,
    0.8642576766292472,
    0.8470651081630162,
    0.8387968707215655,
    0.8464119052821464,
    0.8134580837910647,
    0.7996663865070421,
    0.7868846516524043,
    0.7855899702798534,
    0.7853502602121987,
    0.7794459491640657,
    0.7572373303656394,
    0.7523170776747086,
    0.742099450225686,
    0.7481163708227021,
    0.7434105761349201,
    0.7397362246781916,
    0.7319587741333705
  ],
  "val_loss": [
    1.3528080796018058,
    1.3790784767625754,
    1.3300673260119718,
    1.2976274514885107,
    1.2873803644513888,
    1.4711671891035858,
    1.238439502048885,
    1.2873316017197973,
    1.160348004519694,
    1.4092555548919081,
    1.1431344443387945,
    1.1430614423849945,
    1.2567300730281405,
    1.1526512550228418,
    1.1435367327658728,
    1.0898169352684492,
    1.1022951556331335,
    1.1774460069927168,
    1.1805352166356373,
    1.168436207153179,
    1.1234994005764463,
    1.088651779257221,
    1.1723869320296456,
    1.1296041970880923,
    1.147341313921375,
    1.0604787554760529,
    1.1106291795954293,
    1.1103607035958718,
    1.0809812300489763,
    1.0997413752500902,
    1.0587024629851918,
    1.233498107258675,
    1.0910145517729928,
    1.1972860478079368,
    1.1147167601703125,
    1.1181484073277854,
    1.097848002802688,
    1.127546413690465,
    1.0981007399872988,
    1.1201418211430678,
    1.1293759913846788,
    1.1322102415463562,
    1.1049901900713335,
    1.149515306753386,
    1.1683737095981959,
    1.18263209111406,
    1.167964220414927,
    1.1430114023234128,
    1.2176172383773474,
    1.2269444254690727,
    1.2257801523669758,
    1.2298998938175876,
    1.219885104109721,
    1.2573743359542187,
    1.2728105911011558,
    1.2653485580726906
  ],
  "val_f1": [
    0.044540537070998164,
    0.0472396456103475,
    0.041224604014289894,
    0.04676327575506233,
    0.05322927670675126,
    0.05402670273935801,
    0.05372375785219554,
    0.061112076297760234,
    0.0622295222397899,
    0.06772984481339644,
    0.0615547811197933,
    0.06947637159856343,
    0.0760748670244745,
    0.07179282777779784,
    0.06629268779048438,
    0.07260085142297061,
    0.07492968422903694,
    0.06285115875860697,
    0.07839833004336856,
    0.07963738500051516,
    0.07853043755566003,
    0.08073701681101007,
    0.07171895640580193,
    0.08621847837992516,
    0.08083001413583103,
    0.0850399109794844,
    0.08914852523244811,
    0.09264785966656523,
    0.09081987634850602,
    0.09147771771896311,
    0.09368337291306529,
    0.09910558436982018,
    0.10328845454255989,
    0.09983171235909036,
    0.10096597907373943,
    0.09948275632532574,
    0.10644225916933403,
    0.1095412864161648,
    0.10939954180053486,
    0.11392209380329983,
    0.1140901895271378,
    0.11236754953694228,
    0.11436731398255547,
    0.12174544297021844,
    0.12260172642701465,
    0.12406010567258242,
    0.12232338259405848,
    0.122689226721034,
    0.12707183478319145,
    0.12807342452994275,
    0.1269424002010232,
    0.13023050599823138,
    0.12845986812981247,
    0.12990912576516023,
    0.13296228792715475,
    0.1338737801617517
  ],
  "val_precision": [
    0.023687635939329415,
    0.024616080428036344,
    0.02132744908770935,
    0.02431455422703714,
    0.02778101118495672,
    0.028387518989704263,
    0.02802089570625774,
    0.03221171456917635,
    0.032621523896508915,
    0.035842363672527806,
    0.0322600738674858,
    0.03658076721341531,
    0.040325606388794885,
    0.037850717677255626,
    0.03486526884519039,
    0.038277360771943936,
    0.03958212508046763,
    0.033034618072488586,
    0.04152972649560323,
    0.042241525118645755,
    0.04166446876207893,
    0.04286454981113852,
    0.03797285950507838,
    0.04636282441872356,
    0.04332695355742207,
    0.045454770684633994,
    0.047799225573898506,
    0.05000189771168599,
    0.04877297045369088,
    0.04915498345708066,
    0.050989945292711,
    0.054267648660297596,
    0.056540801113098955,
    0.054161701811405984,
    0.055278679002563294,
    0.054223716948797046,
    0.061026167139228496,
    0.061773514993702934,
    0.0611577193724864,
    0.06454399454139371,
    0.06434568024133694,
    0.06325583751447965,
    0.06468069349278259,
    0.0697579613436391,
    0.07016451074147113,
    0.07073650020294783,
    0.07028660751441396,
    0.07016756149271063,
    0.0730109201341337,
    0.07360672589465772,
    0.07291653967044973,
    0.07496563267885996,
    0.07390218236599999,
    0.07461147898418108,
    0.0766604880416008,
    0.07769706004469121
  ],
  "val_recall": [
    0.4184278350515464,
    0.590979381443299,
    0.618298969072165,
    0.6233247422680412,
    0.6869845360824742,
    0.6202319587628866,
    0.6903350515463917,
    0.6528350515463918,
    0.723840206185567,
    0.6581185567010309,
    0.7184278350515464,
    0.7335051546391752,
    0.7128865979381444,
    0.7363402061855671,
    0.7230670103092783,
    0.7561855670103093,
    0.757860824742268,
    0.7048969072164949,
    0.7539948453608247,
    0.7550257731958763,
    0.7547680412371134,
    0.7608247422680412,
    0.7279639175257732,
    0.7506443298969072,
    0.7114690721649485,
    0.7663659793814434,
    0.7610824742268041,
    0.7628865979381443,
    0.7663659793814434,
    0.7666237113402062,
    0.779639175257732,
    0.7283505154639175,
    0.7655927835051546,
    0.7689432989690722,
    0.7782216494845361,
    0.7609536082474226,
    0.7604381443298969,
    0.7725515463917526,
    0.7756443298969072,
    0.765979381443299,
    0.7654639175257731,
    0.7760309278350516,
    0.7826030927835051,
    0.7685567010309279,
    0.7711340206185567,
    0.7734536082474227,
    0.7789948453608248,
    0.777319587628866,
    0.7742268041237114,
    0.7708762886597939,
    0.7730670103092784,
    0.7724226804123712,
    0.7760309278350516,
    0.7747422680412371,
    0.7725515463917526,
    0.7698453608247423
  ]
}